{"timestamp": "2025-07-13T20:53:33.781944", "players": {"Kevin Durant": {"ppg": 27.093333333333334, "rpg": 6.6, "apg": 5.04, "fg_pct": 0.523, "three_pct": 0.413, "ft_pct": 0.856, "paint_fg": 0.6014499999999999, "midrange_fg": 0.44455, "corner_three": 0.45430000000000004, "clutch_fg": 0.4707, "fast_break_fg": 0.6276, "games_played": 75.0, "minutes_per_game": 37.21333333333333}, "Giannis Antetokounmpo": {"ppg": 30.438356164383563, "rpg": 11.520547945205479, "apg": 6.52054794520548, "fg_pct": 0.611, "three_pct": 0.274, "ft_pct": 0.657, "paint_fg": 0.7026499999999999, "midrange_fg": 0.51935, "corner_three": 0.30140000000000006, "clutch_fg": 0.5499, "fast_break_fg": 0.7332, "games_played": 73.0, "minutes_per_game": 35.16438356164384}}}