{"timestamp": "2025-07-12T21:54:52.566827", "players": {"AJ Green": {"ppg": 4.5, "rpg": 1.1428571428571428, "apg": 0.5357142857142857, "fg_pct": 0.423, "three_pct": 0.408, "ft_pct": 0.895, "paint_fg": 0.48644999999999994, "midrange_fg": 0.35955, "corner_three": 0.44880000000000003, "clutch_fg": 0.3807, "fast_break_fg": 0.5075999999999999, "games_played": 56.0, "minutes_per_game": 10.964285714285714}, "A.J. Lawson": {"ppg": 3.238095238095238, "rpg": 1.1904761904761905, "apg": 0.47619047619047616, "fg_pct": 0.446, "three_pct": 0.26, "ft_pct": 0.652, "paint_fg": 0.5129, "midrange_fg": 0.3791, "corner_three": 0.28600000000000003, "clutch_fg": 0.40140000000000003, "fast_break_fg": 0.5352, "games_played": 42.0, "minutes_per_game": 7.404761904761905}, "Aaron Gordon": {"ppg": 13.876712328767123, "rpg": 6.4520547945205475, "apg": 3.547945205479452, "fg_pct": 0.556, "three_pct": 0.29, "ft_pct": 0.658, "paint_fg": 0.6394, "midrange_fg": 0.4726, "corner_three": 0.319, "clutch_fg": 0.5004000000000001, "fast_break_fg": 0.6672, "games_played": 73.0, "minutes_per_game": 31.465753424657535}, "Alex Caruso": {"ppg": 10.070422535211268, "rpg": 3.8450704225352115, "apg": 3.4788732394366195, "fg_pct": 0.468, "three_pct": 0.408, "ft_pct": 0.76, "paint_fg": 0.5382, "midrange_fg": 0.3978, "corner_three": 0.44880000000000003, "clutch_fg": 0.4212, "fast_break_fg": 0.5616, "games_played": 71.0, "minutes_per_game": 28.732394366197184}, "Kevin Durant": {"ppg": 27.093333333333334, "rpg": 6.6, "apg": 5.04, "fg_pct": 0.523, "three_pct": 0.413, "ft_pct": 0.856, "paint_fg": 0.6014499999999999, "midrange_fg": 0.44455, "corner_three": 0.45430000000000004, "clutch_fg": 0.4707, "fast_break_fg": 0.6276, "games_played": 75.0, "minutes_per_game": 37.21333333333333}, "Giannis Antetokounmpo": {"ppg": 30.438356164383563, "rpg": 11.520547945205479, "apg": 6.52054794520548, "fg_pct": 0.611, "three_pct": 0.274, "ft_pct": 0.657, "paint_fg": 0.7026499999999999, "midrange_fg": 0.51935, "corner_three": 0.30140000000000006, "clutch_fg": 0.5499, "fast_break_fg": 0.7332, "games_played": 73.0, "minutes_per_game": 35.16438356164384}, "Jalen Brunson": {"ppg": 28.727272727272727, "rpg": 3.6103896103896105, "apg": 6.740259740259741, "fg_pct": 0.479, "three_pct": 0.401, "ft_pct": 0.847, "paint_fg": 0.55085, "midrange_fg": 0.40714999999999996, "corner_three": 0.44110000000000005, "clutch_fg": 0.4311, "fast_break_fg": 0.5748, "games_played": 77.0, "minutes_per_game": 35.4025974025974}, "Derrick White": {"ppg": 15.164383561643836, "rpg": 4.2465753424657535, "apg": 5.164383561643835, "fg_pct": 0.461, "three_pct": 0.396, "ft_pct": 0.901, "paint_fg": 0.53015, "midrange_fg": 0.39185000000000003, "corner_three": 0.43560000000000004, "clutch_fg": 0.41490000000000005, "fast_break_fg": 0.5532, "games_played": 73.0, "minutes_per_game": 32.61643835616438}}}